,vendor_id,city_name,specialisation,successful_orders,fail_orders,reorders
0,28957,Архангельск,Супы,0.0,2.0,0.0
1,37381,Архангельск,Пироги,0.0,0.0,0.0
2,28703,Архангельск,Суши,111.0,3.0,0.0
3,37382,Архангельск,Пироги,1.0,0.0,0.0
4,36877,Архангельск,Бургеры,22.0,2.0,0.0
5,37650,Архангельск,Суши,3.0,0.0,0.0
6,37127,Астрахань,Суши,55.0,5.0,6.0
7,28476,Астрахань,Суши,342.0,13.0,14.0
8,28478,Астрахань,Суши,194.0,1.0,7.0
9,34127,Астрахань,Пицца,136.0,4.0,1.0
10,28477,Астрахань,Суши,74.0,1.0,1.0
11,36291,Астрахань,Суши,23.0,1.0,2.0
12,37437,Астрахань,Шашлыки,112.0,1.0,0.0
13,28517,Астрахань,Пицца,142.0,4.0,4.0
14,29027,Астрахань,Суши,5.0,0.0,0.0
15,37128,Астрахань,Пицца,12.0,2.0,0.0
16,28548,Астрахань,Пицца,79.0,1.0,2.0
17,33322,Астрахань,Суши,0.0,1.0,1.0
18,28515,Астрахань,Пицца,192.0,1.0,0.0
19,28473,Астрахань,Суши,98.0,3.0,1.0
20,37563,Барнаул,Пироги,4.0,1.0,0.0
21,13235,Барнаул,Пицца,37.0,0.0,0.0
22,37071,Барнаул,Шашлыки,12.0,0.0,0.0
23,36097,Барнаул,Шашлыки,7.0,1.0,1.0
24,36197,Барнаул,Выпечка,3.0,1.0,0.0
25,19795,Барнаул,Суши,881.0,7.0,4.0
26,10892,Барнаул,Суши,84.0,2.0,0.0
27,18166,Барнаул,Шашлыки,98.0,4.0,3.0
28,13191,Барнаул,Пицца,105.0,0.0,1.0
29,35749,Барнаул,Пицца,80.0,0.0,1.0
30,9255,Барнаул,Суши,52.0,0.0,1.0
31,13236,Барнаул,Пицца,76.0,3.0,0.0
32,10036,Барнаул,Шашлыки,92.0,0.0,0.0
33,36753,Барнаул,Суши,109.0,2.0,0.0
34,35330,Белгород,Суши,49.0,0.0,1.0
35,35602,Белгород,Суши,203.0,10.0,6.0
36,31896,Белгород,Шашлыки,166.0,5.0,3.0
37,11474,Белгород,Суши,663.0,10.0,13.0
38,37234,Белгород,Пицца,45.0,1.0,0.0
39,36060,Белгород,Суши,416.0,4.0,3.0
40,15822,Белгород,Японская,183.0,1.0,1.0
41,35477,Белгород,Русская,158.0,1.0,2.0
42,36254,Белгород,Пироги,14.0,0.0,0.0
43,11476,Белгород,Суши,460.0,4.0,10.0
44,35804,Белгород,Пицца,27.0,1.0,0.0
45,37823,Белгород,Шаурма,0.0,1.0,2.0
46,11471,Белгород,Суши,177.0,1.0,6.0
47,26825,Белгород,Шашлыки,288.0,5.0,6.0
48,13553,Брянск,Пицца,320.0,1.0,4.0
49,36386,Брянск,Суши,65.0,0.0,0.0
50,36153,Брянск,Шашлыки,177.0,1.0,4.0
51,36885,Брянск,Суши,84.0,0.0,1.0
52,33111,Брянск,Суши,266.0,1.0,2.0
53,35712,Брянск,Пицца,235.0,6.0,2.0
54,9285,Брянск,Суши,1029.0,9.0,19.0
55,37587,Брянск,Русская,4.0,1.0,4.0
56,13549,Брянск,Пицца,207.0,1.0,1.0
57,9290,Брянск,Суши,300.0,7.0,6.0
58,9289,Брянск,Суши,90.0,2.0,0.0
59,22683,Брянск,Суши,73.0,1.0,4.0
60,13554,Брянск,Пицца,279.0,5.0,7.0
61,22678,Брянск,Суши,154.0,6.0,3.0
62,10128,Владивосток,Суши,140.0,3.0,1.0
63,37698,Владивосток,Суши,37.0,1.0,0.0
64,37571,Владивосток,Пицца,2.0,0.0,0.0
65,29317,Владивосток,Пицца,107.0,1.0,0.0
66,37685,Владивосток,Суши,11.0,0.0,0.0
67,15481,Владивосток,Шашлыки,33.0,0.0,0.0
68,36771,Владивосток,Суши,5.0,0.0,0.0
69,30017,Владивосток,Десерты,4.0,4.0,1.0
70,37330,Владивосток,Пицца,1.0,0.0,0.0
71,13701,Владивосток,Пицца,83.0,2.0,0.0
72,28860,Владивосток,Суши,159.0,4.0,3.0
73,37411,Владивосток,Пироги,0.0,1.0,2.0
74,36005,Владивосток,Суши,29.0,0.0,0.0
75,30941,Владивосток,Грузинская,17.0,2.0,0.0
76,37759,Владимир,Суши,19.0,0.0,0.0
77,37019,Владимир,Рыба,51.0,0.0,1.0
78,36715,Владимир,Бургеры,3.0,0.0,0.0
79,25080,Владимир,Рыба,19.0,1.0,0.0
80,36954,Владимир,Бургеры,32.0,1.0,0.0
81,35975,Владимир,Пицца,43.0,0.0,2.0
82,37338,Владимир,Суши,21.0,7.0,7.0
83,12575,Владимир,Пицца,182.0,1.0,0.0
84,9214,Владимир,Японская,105.0,7.0,3.0
85,18107,Владимир,Суши,28.0,4.0,3.0
86,36656,Владимир,Паназиатская,38.0,1.0,0.0
87,37292,Владимир,Бургеры,52.0,2.0,1.0
88,37072,Владимир,Рыба,20.0,0.0,0.0
89,19646,Владимир,Бургеры,108.0,3.0,2.0
90,35979,Волгоград,Пицца,156.0,1.0,0.0
91,7619,Волгоград,Суши,207.0,2.0,3.0
92,25033,Волгоград,Суши,10.0,2.0,1.0
93,37161,Волгоград,Суши,44.0,2.0,1.0
94,35326,Волгоград,Пицца,92.0,2.0,1.0
95,24121,Волгоград,Пицца,445.0,24.0,25.0
96,36178,Волгоград,Русская,7.0,0.0,2.0
97,36313,Волгоград,Русская,7.0,0.0,0.0
98,37364,Волгоград,Суши,258.0,3.0,5.0
99,33456,Волгоград,Суши,226.0,4.0,2.0
100,35677,Волгоград,Суши,53.0,1.0,2.0
101,27881,Волгоград,Корейская,9.0,1.0,0.0
102,37163,Волгоград,Суши,80.0,1.0,0.0
103,1847,Волгоград,Пицца,0.0,0.0,0.0
104,36629,Волжский,Суши,18.0,1.0,2.0
105,37295,Волжский,Суши,42.0,0.0,0.0
106,30830,Волжский,Пицца,212.0,9.0,15.0
107,36638,Волжский,Суши,227.0,1.0,0.0
108,30746,Волжский,Суши,441.0,6.0,4.0
109,28738,Волжский,Суши,89.0,1.0,1.0
110,27962,Волжский,Суши,135.0,1.0,1.0
111,29208,Волжский,Пицца,17.0,0.0,0.0
112,30724,Волжский,Пицца,263.0,4.0,5.0
113,37294,Волжский,Суши,95.0,0.0,1.0
114,35769,Волжский,Суши,80.0,1.0,0.0
115,36245,Волжский,Пицца,80.0,0.0,3.0
116,30745,Волжский,Суши,369.0,4.0,7.0
117,30723,Волжский,Суши,34.0,1.0,3.0
118,37526,Вологда,Бургеры,4.0,0.0,0.0
119,37527,Вологда,Бургеры,7.0,0.0,2.0
120,37535,Вологда,Суши,23.0,0.0,0.0
121,28134,Воронеж,Суши,16.0,1.0,7.0
122,37139,Воронеж,Пицца,36.0,1.0,0.0
123,28516,Воронеж,Суши,98.0,5.0,2.0
124,23646,Воронеж,Пицца,25.0,0.0,1.0
125,23639,Воронеж,Пицца,4.0,1.0,0.0
126,26741,Воронеж,Суши,1.0,0.0,0.0
127,37635,Воронеж,Пицца,32.0,8.0,0.0
128,37502,Воронеж,Шаурма,3.0,0.0,0.0
129,36991,Воронеж,Суши,6.0,2.0,0.0
130,36998,Воронеж,Суши,8.0,0.0,0.0
131,12681,Воронеж,Супы,252.0,1.0,1.0
132,23684,Воронеж,Японская,4.0,0.0,0.0
133,20479,Воронеж,Суши,45.0,0.0,1.0
134,7354,Воронеж,Пицца,546.0,4.0,6.0
135,37248,Егорьевск,Бургеры,10.0,1.0,1.0
136,36793,Егорьевск,Суши,1.0,0.0,0.0
137,35686,Егорьевск,Суши,1.0,0.0,0.0
138,30787,Екатеринбург,Бургеры,140.0,7.0,8.0
139,31163,Екатеринбург,Рыба,0.0,0.0,0.0
140,31406,Екатеринбург,Шаурма,5.0,0.0,0.0
141,22611,Екатеринбург,Пицца,55.0,2.0,1.0
142,19951,Екатеринбург,Пироги,5.0,1.0,0.0
143,21630,Екатеринбург,Русская,5.0,0.0,0.0
144,33131,Екатеринбург,Шашлыки,4.0,0.0,0.0
145,33976,Екатеринбург,Суши,327.0,46.0,65.0
146,31729,Екатеринбург,Китайская,12.0,0.0,0.0
147,7141,Екатеринбург,Суши,930.0,13.0,12.0
148,21390,Екатеринбург,Суши,1.0,0.0,0.0
149,8318,Екатеринбург,Итальянская,112.0,0.0,0.0
150,35468,Екатеринбург,Хот-доги,4.0,0.0,1.0
151,11511,Екатеринбург,Суши,37.0,1.0,1.0
152,37443,Иваново,Суши,14.0,0.0,0.0
153,37604,Иваново,Пицца,14.0,1.0,2.0
154,37177,Иваново,Бургеры,34.0,1.0,2.0
155,37622,Иваново,Пицца,7.0,0.0,0.0
156,37898,Иваново,Суши,0.0,0.0,0.0
157,37178,Иваново,Бургеры,1.0,1.0,0.0
158,37641,Иваново,Суши,14.0,1.0,0.0
159,37449,Иваново,Суши,16.0,0.0,1.0
160,37451,Иваново,Суши,42.0,0.0,1.0
161,37439,Иваново,Пицца,18.0,0.0,2.0
162,29384,Ижевск,Суши,30.0,1.0,2.0
163,8687,Ижевск,Японская,297.0,1.0,0.0
164,30969,Ижевск,Суши,54.0,1.0,0.0
165,31770,Ижевск,Суши,2.0,0.0,0.0
166,36614,Ижевск,Пицца,82.0,1.0,0.0
167,37796,Ижевск,Мясо,9.0,0.0,0.0
168,36645,Ижевск,Суши,6.0,4.0,3.0
169,36115,Ижевск,Пироги,8.0,0.0,0.0
170,29364,Ижевск,Паста и ризотто,66.0,3.0,2.0
171,37121,Ижевск,Суши,158.0,3.0,1.0
172,9328,Ижевск,Бургеры,49.0,1.0,0.0
173,28461,Ижевск,Десерты,13.0,0.0,1.0
174,21075,Ижевск,Суши,339.0,2.0,1.0
175,21345,Ижевск,Рыба,307.0,2.0,3.0
176,25316,Иркутск,Суши,90.0,1.0,1.0
177,20741,Иркутск,Паста и ризотто,44.0,1.0,0.0
178,35741,Иркутск,Суши,4.0,0.0,0.0
179,12461,Иркутск,Мексиканская,33.0,1.0,0.0
180,24078,Иркутск,Суши,109.0,3.0,1.0
181,29928,Иркутск,Суши,54.0,1.0,0.0
182,8557,Иркутск,Суши,697.0,8.0,17.0
183,26672,Иркутск,Пицца,10.0,0.0,0.0
184,12678,Иркутск,Бургеры,37.0,0.0,0.0
185,32198,Иркутск,Суши,50.0,3.0,1.0
186,28144,Иркутск,Суши,60.0,1.0,2.0
187,28387,Иркутск,Суши,111.0,1.0,0.0
188,24672,Иркутск,Шашлыки,12.0,0.0,0.0
189,35724,Иркутск,Суши,2.0,0.0,0.0
190,37175,Йошкар-Ола,Бургеры,24.0,1.0,0.0
191,37448,Йошкар-Ола,Суши,30.0,0.0,0.0
192,37176,Йошкар-Ола,Бургеры,5.0,0.0,0.0
193,6198,Казань,Китайская,190.0,5.0,4.0
194,3216,Казань,Рыба,315.0,4.0,6.0
195,34161,Казань,Суши,13.0,0.0,1.0
196,9898,Казань,Рыба,1.0,0.0,0.0
197,37734,Казань,Бургеры,15.0,0.0,0.0
198,5891,Казань,Бургеры,21.0,6.0,2.0
199,35387,Казань,Выпечка,6.0,0.0,0.0
200,35632,Казань,Суши,4.0,1.0,1.0
201,16227,Казань,Суши,330.0,1.0,0.0
202,14001,Казань,Суши,34.0,0.0,0.0
203,35633,Казань,Суши,436.0,2.0,1.0
204,27045,Казань,Пицца,7.0,0.0,0.0
205,27115,Казань,Выпечка,11.0,2.0,1.0
206,22652,Казань,Рыба,302.0,3.0,0.0
207,23012,Калининград,Суши,182.0,1.0,1.0
208,13091,Калининград,Суши,35.0,5.0,1.0
209,12663,Калининград,Пицца,157.0,2.0,0.0
210,15759,Калининград,Пицца,63.0,2.0,2.0
211,37434,Калининград,Суши,7.0,0.0,0.0
212,37435,Калининград,Суши,3.0,0.0,0.0
213,25545,Калининград,Суши,21.0,1.0,1.0
214,36836,Калининград,Китайская,47.0,1.0,0.0
215,37644,Калининград,Суши,12.0,0.0,0.0
216,37433,Калининград,Суши,8.0,0.0,3.0
217,37772,Калининград,Пицца,7.0,1.0,0.0
218,37696,Калининград,Русская,3.0,0.0,0.0
219,27197,Калининград,Рыба,26.0,0.0,0.0
220,28607,Калининград,Пицца,172.0,6.0,2.0
221,8442,Калуга,Пицца,352.0,5.0,6.0
222,36612,Калуга,Пицца,20.0,1.0,0.0
223,26402,Калуга,Пицца,16.0,3.0,2.0
224,33354,Калуга,Пицца,200.0,4.0,1.0
225,32821,Калуга,Пицца,4.0,0.0,1.0
226,10727,Калуга,Шашлыки,48.0,1.0,2.0
227,32823,Калуга,Суши,18.0,2.0,0.0
228,18644,Калуга,Русская,11.0,0.0,0.0
229,25443,Калуга,Суши,65.0,3.0,5.0
230,30067,Калуга,Рыба,40.0,0.0,1.0
231,8721,Калуга,Суши,15.0,0.0,1.0
232,17525,Калуга,Пироги,3.0,2.0,1.0
233,8478,Калуга,Пицца,144.0,2.0,2.0
234,12983,Калуга,Пицца,338.0,4.0,4.0
235,30366,Кемерово,Десерты,22.0,0.0,0.0
236,15308,Кемерово,Суши,330.0,4.0,2.0
237,37469,Кемерово,Шашлыки,3.0,0.0,0.0
238,36725,Кемерово,Суши,20.0,0.0,0.0
239,16414,Кемерово,Японская,143.0,1.0,0.0
240,37278,Кемерово,Суши,57.0,1.0,3.0
241,37758,Кемерово,Суши,26.0,0.0,0.0
242,27848,Кемерово,Суши,91.0,1.0,3.0
243,35811,Кемерово,Пицца,65.0,3.0,4.0
244,36101,Кемерово,Пицца,117.0,0.0,1.0
245,27843,Кемерово,Суши,72.0,0.0,3.0
246,36222,Кемерово,Узбекская,25.0,0.0,1.0
247,27598,Кемерово,Бургеры,19.0,0.0,0.0
248,12493,Кемерово,Русская,9.0,0.0,0.0
249,30820,Кострома,Суши,44.0,4.0,1.0
250,30826,Кострома,Пицца,34.0,2.0,1.0
251,30823,Кострома,Суши,40.0,0.0,0.0
252,37810,Кострома,Суши,0.0,0.0,0.0
253,37582,Кострома,Японская,13.0,0.0,0.0
254,37813,Кострома,Суши,0.0,0.0,0.0
255,36358,Кострома,Суши,49.0,2.0,3.0
256,35862,Кострома,Суши,19.0,1.0,0.0
257,30825,Кострома,Пицца,49.0,4.0,2.0
258,37812,Кострома,Суши,1.0,0.0,0.0
259,33945,Кострома,Пицца,18.0,1.0,0.0
260,35864,Кострома,Суши,13.0,1.0,0.0
261,33058,Кострома,Пицца,43.0,1.0,1.0
262,36154,Кострома,Суши,49.0,2.0,0.0
263,35817,Краснодар,Пицца,4.0,0.0,2.0
264,32030,Краснодар,Суши,158.0,6.0,5.0
265,37329,Краснодар,Суши,31.0,1.0,1.0
266,7812,Краснодар,Японская,192.0,3.0,3.0
267,6520,Краснодар,Суши,1300.0,70.0,65.0
268,36811,Краснодар,Шашлыки,18.0,4.0,8.0
269,25272,Краснодар,Мясо,29.0,2.0,2.0
270,36084,Краснодар,Пицца,0.0,0.0,2.0
271,35830,Краснодар,Суши,0.0,0.0,1.0
272,22933,Краснодар,Гирос,682.0,9.0,3.0
273,37649,Краснодар,Шашлыки,0.0,2.0,1.0
274,15107,Краснодар,Пицца,28.0,1.0,1.0
275,14518,Краснодар,Выпечка,20.0,0.0,0.0
276,36070,Краснодар,Пицца,106.0,1.0,0.0
277,31407,Красноярск,Суши,135.0,1.0,1.0
278,26168,Красноярск,Индийская,1.0,0.0,0.0
279,16376,Красноярск,Рыба,105.0,4.0,1.0
280,29200,Красноярск,Пицца,16.0,0.0,0.0
281,17448,Красноярск,Шашлыки,130.0,1.0,3.0
282,27852,Красноярск,Суши,76.0,2.0,1.0
283,26136,Красноярск,Сэндвичи,0.0,0.0,1.0
284,25792,Красноярск,Суши,211.0,4.0,1.0
285,26179,Красноярск,Индийская,0.0,1.0,0.0
286,31411,Красноярск,Суши,73.0,3.0,0.0
287,35555,Красноярск,Мясо,7.0,0.0,1.0
288,31413,Красноярск,Суши,45.0,1.0,1.0
289,26166,Красноярск,Индийская,0.0,2.0,0.0
290,27844,Красноярск,Суши,86.0,11.0,3.0
291,34861,Курск,Суши,400.0,2.0,0.0
292,30356,Курск,Суши,70.0,0.0,0.0
293,31262,Курск,Пицца,202.0,6.0,7.0
294,37107,Курск,Бургеры,77.0,0.0,0.0
295,36519,Курск,Суши,24.0,0.0,2.0
296,22903,Курск,Рыба,118.0,1.0,3.0
297,24130,Курск,Пицца,270.0,8.0,10.0
298,37217,Курск,Бургеры,67.0,1.0,0.0
299,35781,Курск,Суши,259.0,2.0,1.0
300,36969,Курск,Суши,332.0,5.0,5.0
301,26509,Курск,Суши,416.0,3.0,4.0
302,24335,Курск,Шашлыки,18.0,0.0,0.0
303,33618,Курск,Пицца,328.0,5.0,1.0
304,23175,Курск,Пицца,152.0,1.0,4.0
305,32010,Липецк,Суши,56.0,2.0,0.0
306,25867,Липецк,Пицца,263.0,4.0,0.0
307,29461,Липецк,Суши,24.0,2.0,1.0
308,36717,Липецк,Пицца,126.0,5.0,2.0
309,26211,Липецк,Пицца,39.0,0.0,0.0
310,9279,Липецк,Суши,177.0,1.0,3.0
311,9282,Липецк,Суши,322.0,4.0,8.0
312,9274,Липецк,Суши,85.0,2.0,3.0
313,37606,Липецк,Суши,30.0,2.0,0.0
314,25775,Липецк,Пицца,185.0,0.0,0.0
315,28050,Липецк,Пицца,12.0,1.0,0.0
316,37529,Липецк,Шашлыки,11.0,0.0,0.0
317,9281,Липецк,Суши,343.0,5.0,4.0
318,9278,Липецк,Суши,224.0,2.0,0.0
319,37148,Магнитогорск,Суши,41.0,0.0,0.0
320,30188,Магнитогорск,Бургеры,7.0,0.0,1.0
321,30187,Магнитогорск,Рыба,1.0,0.0,2.0
322,37095,Магнитогорск,Бургеры,8.0,1.0,0.0
323,36534,Магнитогорск,Бургеры,19.0,5.0,2.0
324,30189,Магнитогорск,Пицца,18.0,0.0,0.0
325,30185,Магнитогорск,Суши,121.0,5.0,0.0
326,37892,Магнитогорск,Суши,0.0,0.0,0.0
327,26088,Москва,Грузинская,9.0,3.0,0.0
328,37262,Москва,Суши,51.0,3.0,0.0
329,25618,Москва,Сэндвичи,199.0,3.0,5.0
330,36466,Москва,Суши,109.0,6.0,1.0
331,22752,Москва,Фастфуд,2.0,0.0,0.0
332,31520,Москва,Рыба,2.0,1.0,0.0
333,36429,Москва,Пицца,0.0,0.0,1.0
334,24158,Москва,Мясо,13.0,1.0,0.0
335,25479,Москва,Пицца,841.0,8.0,2.0
336,36465,Москва,Суши,355.0,2.0,2.0
337,10983,Москва,Японская,93.0,3.0,4.0
338,21268,Москва,Итальянская,3.0,0.0,0.0
339,32903,Москва,Суши,14.0,0.0,0.0
340,37583,Москва,Пицца,11.0,0.0,0.0
341,36880,Набережные Челны,Бургеры,35.0,0.0,0.0
342,33338,Набережные Челны,Шашлыки,4.0,0.0,0.0
343,27462,Набережные Челны,Суши,111.0,3.0,3.0
344,27860,Набережные Челны,Мясо,22.0,0.0,0.0
345,36881,Набережные Челны,Бургеры,49.0,0.0,0.0
346,36513,Набережные Челны,Шашлыки,15.0,0.0,0.0
347,37246,Набережные Челны,Суши,254.0,5.0,3.0
348,37640,Набережные Челны,Шашлыки,12.0,0.0,0.0
349,36647,Набережные Челны,Пицца,97.0,6.0,2.0
350,36568,Набережные Челны,Пицца,136.0,2.0,2.0
351,27184,Набережные Челны,Пицца,124.0,1.0,1.0
352,37359,Набережные Челны,Китайская,35.0,1.0,0.0
353,37142,Набережные Челны,Китайская,20.0,1.0,0.0
354,27071,Набережные Челны,Суши,66.0,0.0,2.0
355,26564,Нижневартовск,Суши,55.0,2.0,3.0
356,30377,Нижневартовск,Суши,95.0,1.0,1.0
357,22950,Нижневартовск,Суши,55.0,12.0,18.0
358,37211,Нижневартовск,Бургеры,65.0,12.0,2.0
359,23216,Нижневартовск,Японская,102.0,0.0,0.0
360,37210,Нижневартовск,Бургеры,103.0,3.0,3.0
361,35910,Нижневартовск,Шаурма,0.0,0.0,2.0
362,31186,Нижневартовск,Японская,161.0,1.0,2.0
363,36830,Нижневартовск,Суши,100.0,0.0,0.0
364,24041,Нижневартовск,Суши,128.0,1.0,0.0
365,24363,Нижневартовск,Суши,33.0,1.0,1.0
366,31352,Нижневартовск,Суши,35.0,2.0,0.0
367,37809,Нижневартовск,Суши,0.0,2.0,0.0
368,37474,Нижневартовск,Суши,92.0,0.0,0.0
369,22318,Нижний Новгород,Пицца,28.0,1.0,0.0
370,35881,Нижний Новгород,Шашлыки,24.0,0.0,0.0
371,23807,Нижний Новгород,Суши,151.0,1.0,3.0
372,22211,Нижний Новгород,Суши,79.0,29.0,20.0
373,11583,Нижний Новгород,Пицца,20.0,0.0,0.0
374,3850,Нижний Новгород,Шашлыки,64.0,2.0,1.0
375,25300,Нижний Новгород,Пицца,42.0,0.0,0.0
376,37667,Нижний Новгород,Русская,5.0,0.0,0.0
377,28312,Нижний Новгород,Шашлыки,3.0,0.0,0.0
378,11820,Нижний Новгород,Суши,52.0,6.0,0.0
379,22651,Нижний Новгород,Грузинская,31.0,0.0,1.0
380,36416,Нижний Новгород,Суши,7.0,0.0,0.0
381,36860,Нижний Новгород,Шашлыки,90.0,0.0,1.0
382,15856,Нижний Новгород,Пицца,85.0,9.0,18.0
383,13443,Новокузнецк,Суши,21.0,1.0,0.0
384,36226,Новокузнецк,Суши,52.0,3.0,1.0
385,36315,Новокузнецк,Шашлыки,38.0,5.0,2.0
386,35568,Новокузнецк,Суши,31.0,2.0,6.0
387,35855,Новокузнецк,Суши,104.0,4.0,2.0
388,27837,Новосибирск,Суши,116.0,1.0,0.0
389,13371,Новосибирск,Пицца,173.0,1.0,1.0
390,3862,Новосибирск,Супы,244.0,4.0,2.0
391,36886,Новосибирск,Мясо,33.0,1.0,1.0
392,37431,Новосибирск,Суши,28.0,1.0,1.0
393,34150,Новосибирск,Пицца,351.0,5.0,11.0
394,37580,Новосибирск,Пицца,0.0,1.0,0.0
395,36418,Новосибирск,Пицца,72.0,1.0,0.0
396,37843,Новосибирск,Русская,0.0,0.0,0.0
397,37245,Новосибирск,Суши,87.0,2.0,1.0
398,21954,Новосибирск,Китайская,355.0,2.0,4.0
399,37001,Новосибирск,Суши,32.0,0.0,0.0
400,29001,Новосибирск,Рыба,50.0,0.0,1.0
401,27835,Новосибирск,Суши,233.0,12.0,5.0
402,12451,Омск,Пицца,29.0,0.0,3.0
403,7140,Омск,Суши,150.0,8.0,2.0
404,9631,Омск,Суши,1.0,0.0,0.0
405,9578,Омск,Бургеры,80.0,5.0,2.0
406,32802,Омск,Суши,306.0,2.0,1.0
407,37806,Омск,Пироги,1.0,0.0,0.0
408,27854,Омск,Суши,115.0,6.0,4.0
409,36167,Омск,Суши,1.0,0.0,1.0
410,37632,Омск,Грузинская,3.0,0.0,0.0
411,36589,Омск,Суши,20.0,1.0,0.0
412,35558,Омск,Пицца,2.0,1.0,0.0
413,36817,Омск,Суши,127.0,1.0,0.0
414,25655,Омск,Пироги,6.0,1.0,1.0
415,9642,Омск,Бургеры,1.0,0.0,0.0
416,9292,Орел,Суши,251.0,7.0,12.0
417,36225,Орел,Суши,321.0,2.0,4.0
418,30204,Орел,Мясо,173.0,3.0,1.0
419,26231,Орел,Японская,119.0,1.0,3.0
420,24126,Орел,Пицца,482.0,33.0,27.0
421,12660,Орел,Шашлыки,42.0,1.0,0.0
422,16157,Орел,Бургеры,506.0,25.0,31.0
423,25594,Орел,Суши,18.0,10.0,3.0
424,21771,Орел,Шашлыки,323.0,3.0,3.0
425,30956,Орел,Русская,31.0,0.0,1.0
426,37190,Орел,Бургеры,57.0,3.0,1.0
427,22637,Орел,Пицца,389.0,3.0,4.0
428,29442,Орел,Бургеры,186.0,0.0,0.0
429,11998,Орел,Суши,235.0,10.0,7.0
430,25543,Оренбург,Пицца,40.0,1.0,0.0
431,34289,Оренбург,Пицца,40.0,1.0,0.0
432,35010,Оренбург,Суши,4.0,0.0,1.0
433,12415,Оренбург,Суши,58.0,2.0,0.0
434,16453,Оренбург,Суши,82.0,1.0,2.0
435,12411,Оренбург,Суши,1401.0,14.0,6.0
436,13223,Оренбург,Японская,331.0,1.0,6.0
437,12414,Оренбург,Суши,736.0,17.0,0.0
438,36578,Оренбург,Пицца,247.0,1.0,0.0
439,12465,Оренбург,Сэндвичи,110.0,2.0,1.0
440,36580,Оренбург,Пицца,148.0,2.0,1.0
441,37531,Оренбург,Хот-доги,5.0,3.0,3.0
442,12418,Оренбург,Суши,29.0,0.0,0.0
443,20950,Оренбург,Индийская,0.0,5.0,0.0
444,35650,Пенза,Пицца,83.0,2.0,1.0
445,35775,Пенза,Суши,292.0,1.0,0.0
446,22313,Пенза,Суши,95.0,17.0,22.0
447,25282,Пенза,Рыба,77.0,0.0,1.0
448,22305,Пенза,Суши,62.0,15.0,7.0
449,35440,Пенза,Суши,72.0,4.0,9.0
450,18179,Пенза,Русская,12.0,0.0,0.0
451,34889,Пенза,Суши,196.0,0.0,0.0
452,28100,Пенза,Пицца,406.0,4.0,4.0
453,36130,Пенза,Суши,136.0,5.0,6.0
454,22220,Пенза,Пицца,15.0,1.0,1.0
455,34892,Пенза,Суши,4.0,0.0,0.0
456,37282,Пенза,Суши,106.0,1.0,2.0
457,16158,Пенза,Суши,173.0,2.0,1.0
458,35207,Пермь,Японская,159.0,8.0,2.0
459,24065,Пермь,Пицца,25.0,0.0,0.0
460,28458,Пермь,Шашлыки,30.0,1.0,3.0
461,5403,Пермь,Пицца,70.0,3.0,3.0
462,32449,Пермь,Русская,21.0,0.0,0.0
463,35754,Пермь,Бургеры,4.0,2.0,0.0
464,36221,Пермь,Суши,2.0,0.0,0.0
465,23367,Пермь,Пицца,100.0,0.0,1.0
466,37301,Пермь,Шаурма,48.0,0.0,1.0
467,37565,Пермь,Пироги,14.0,0.0,1.0
468,37615,Пермь,Суши,27.0,1.0,0.0
469,18086,Пермь,Суши,341.0,12.0,5.0
470,31288,Пермь,Бургеры,300.0,5.0,3.0
471,36518,Пермь,Суши,135.0,4.0,1.0
472,28812,Петрозаводск,Пицца,80.0,3.0,1.0
473,33306,Петрозаводск,Суши,100.0,1.0,0.0
474,37926,Петрозаводск,Пицца,0.0,0.0,0.0
475,34128,Петрозаводск,Пицца,74.0,0.0,0.0
476,28794,Петрозаводск,Суши,205.0,4.0,3.0
477,28801,Петрозаводск,Японская,87.0,1.0,1.0
478,37687,Петрозаводск,Суши,20.0,1.0,1.0
479,23480,Ростов-на-Дону,Бургеры,30.0,0.0,1.0
480,35196,Ростов-на-Дону,Бургеры,14.0,0.0,1.0
481,35827,Ростов-на-Дону,Пицца,155.0,0.0,1.0
482,16355,Ростов-на-Дону,Пицца,341.0,7.0,11.0
483,36122,Ростов-на-Дону,Суши,485.0,4.0,3.0
484,37865,Ростов-на-Дону,Суши,82.0,0.0,2.0
485,7531,Ростов-на-Дону,Пицца,226.0,2.0,4.0
486,13697,Ростов-на-Дону,Китайская,8.0,5.0,2.0
487,36926,Ростов-на-Дону,Бургеры,48.0,5.0,8.0
488,33913,Ростов-на-Дону,Пицца,361.0,1.0,4.0
489,36507,Ростов-на-Дону,Суши,59.0,0.0,0.0
490,20616,Ростов-на-Дону,Рыба,174.0,1.0,2.0
491,37754,Ростов-на-Дону,Бургеры,14.0,0.0,0.0
492,31139,Ростов-на-Дону,Суши,250.0,4.0,1.0
493,27396,Рязань,Суши,194.0,1.0,2.0
494,25022,Рязань,Рыба,293.0,0.0,2.0
495,23862,Рязань,Пицца,422.0,4.0,4.0
496,36346,Рязань,Суши,18.0,1.0,0.0
497,35776,Рязань,Суши,195.0,2.0,3.0
498,25092,Рязань,Рыба,211.0,4.0,3.0
499,23533,Рязань,Суши,635.0,4.0,4.0
500,10225,Рязань,Суши,199.0,2.0,2.0
501,35647,Рязань,Суши,259.0,4.0,1.0
502,30112,Рязань,Пицца,146.0,9.0,8.0
503,25031,Рязань,Рыба,168.0,0.0,1.0
504,37046,Рязань,Пицца,532.0,11.0,10.0
505,31865,Рязань,Рыба,116.0,0.0,0.0
506,13435,Рязань,Пицца,670.0,15.0,5.0
507,19487,Самара,Мясо,17.0,0.0,1.0
508,37741,Самара,Фастфуд,4.0,0.0,0.0
509,7821,Самара,Пицца,40.0,1.0,0.0
510,8491,Самара,Паста и ризотто,38.0,0.0,0.0
511,20935,Самара,Пицца,1298.0,63.0,44.0
512,3586,Самара,Пицца,130.0,0.0,3.0
513,35493,Самара,Суши,69.0,2.0,1.0
514,28572,Самара,Шашлыки,1.0,1.0,2.0
515,30425,Самара,Пицца,135.0,1.0,1.0
516,12235,Самара,Суши,779.0,32.0,51.0
517,19345,Самара,Паста и ризотто,11.0,0.0,0.0
518,19140,Самара,Суши,117.0,0.0,0.0
519,8781,Самара,Суши,91.0,3.0,0.0
520,28986,Самара,Шаурма,93.0,1.0,1.0
521,24049,Санкт-Петербург,Мясо,1.0,0.0,1.0
522,23169,Санкт-Петербург,Пироги,34.0,0.0,0.0
523,20947,Санкт-Петербург,Суши,77.0,0.0,1.0
524,5044,Санкт-Петербург,Суши,2.0,0.0,0.0
525,23117,Санкт-Петербург,Суши,1257.0,6.0,17.0
526,25285,Санкт-Петербург,Шаурма,2.0,1.0,1.0
527,18119,Санкт-Петербург,Суши,4.0,1.0,0.0
528,8810,Санкт-Петербург,Суши,328.0,16.0,4.0
529,28847,Санкт-Петербург,Мясо,7.0,1.0,4.0
530,36443,Санкт-Петербург,Бургеры,111.0,2.0,8.0
531,21346,Санкт-Петербург,Пицца,50.0,0.0,0.0
532,31957,Санкт-Петербург,Вегетарианское меню,12.0,7.0,4.0
533,16083,Санкт-Петербург,Пироги,11.0,0.0,0.0
534,13287,Санкт-Петербург,Суши,36.0,8.0,9.0
535,31767,Саратов,Рыба,179.0,2.0,2.0
536,16318,Саратов,Пицца,206.0,2.0,2.0
537,25491,Саратов,Шашлыки,72.0,0.0,0.0
538,25138,Саратов,Суши,193.0,4.0,1.0
539,29341,Саратов,Суши,331.0,1.0,0.0
540,36930,Саратов,Бургеры,386.0,2.0,3.0
541,36051,Саратов,Бургеры,58.0,1.0,0.0
542,14404,Саратов,Выпечка,24.0,1.0,0.0
543,5469,Саратов,Суши,617.0,28.0,26.0
544,34835,Саратов,Суши,203.0,4.0,5.0
545,35791,Саратов,Суши,82.0,0.0,0.0
546,20223,Саратов,Пицца,299.0,13.0,12.0
547,37703,Саратов,Суши,4.0,1.0,0.0
548,34681,Саратов,Суши,71.0,0.0,1.0
549,36295,Смоленск,Суши,11.0,0.0,0.0
550,36892,Смоленск,Бургеры,72.0,3.0,2.0
551,32990,Смоленск,Пицца,116.0,2.0,1.0
552,36891,Смоленск,Бургеры,44.0,1.0,1.0
553,27475,Смоленск,Рыба,14.0,0.0,0.0
554,37815,Смоленск,Пицца,11.0,0.0,0.0
555,36301,Смоленск,Суши,6.0,1.0,0.0
556,36287,Смоленск,Пицца,58.0,0.0,0.0
557,36893,Смоленск,Бургеры,178.0,1.0,1.0
558,27461,Смоленск,Суши,261.0,7.0,3.0
559,36482,Смоленск,Бургеры,87.0,2.0,4.0
560,35600,Смоленск,Суши,125.0,3.0,2.0
561,27460,Смоленск,Суши,64.0,1.0,2.0
562,27478,Смоленск,Рыба,7.0,0.0,1.0
563,35874,Сочи,Суши,107.0,1.0,1.0
564,35188,Сочи,Пироги,185.0,3.0,2.0
565,25550,Сочи,Суши,75.0,0.0,3.0
566,37179,Сочи,Бургеры,94.0,3.0,2.0
567,35799,Сочи,Пицца,185.0,2.0,0.0
568,35908,Сочи,Пицца,180.0,2.0,2.0
569,27780,Сочи,Пицца,3.0,1.0,1.0
570,27437,Сочи,Пицца,53.0,5.0,7.0
571,32727,Сочи,Суши,162.0,2.0,2.0
572,37432,Сочи,Бургеры,9.0,0.0,1.0
573,37651,Сочи,Суши,0.0,1.0,0.0
574,16251,Сочи,Суши,294.0,7.0,13.0
575,35716,Сочи,Пицца,106.0,2.0,0.0
576,36866,Сочи,Суши,3.0,1.0,0.0
577,35711,Ставрополь,Бургеры,61.0,0.0,1.0
578,30560,Ставрополь,Суши,19.0,0.0,0.0
579,19186,Ставрополь,Рыба,60.0,0.0,1.0
580,35971,Ставрополь,Пицца,16.0,1.0,1.0
581,16977,Ставрополь,Суши,242.0,5.0,6.0
582,26540,Ставрополь,Суши,0.0,0.0,3.0
583,16990,Ставрополь,Суши,89.0,1.0,1.0
584,16974,Ставрополь,Пицца,221.0,4.0,1.0
585,16987,Ставрополь,Суши,235.0,6.0,8.0
586,35710,Ставрополь,Бургеры,84.0,2.0,2.0
587,20015,Ставрополь,Пицца,41.0,3.0,0.0
588,37850,Ставрополь,Бургеры,0.0,0.0,0.0
589,35751,Ставрополь,Бургеры,231.0,1.0,3.0
590,17503,Ставрополь,Японская,185.0,0.0,1.0
591,37202,Стерлитамак,Бургеры,17.0,1.0,0.0
592,37201,Стерлитамак,Бургеры,4.0,0.0,0.0
593,37550,Стерлитамак,Суши,23.0,0.0,0.0
594,17774,Сургут,Суши,58.0,2.0,2.0
595,16979,Сургут,Сэндвичи,68.0,5.0,2.0
596,27855,Сургут,Суши,234.0,7.0,5.0
597,22935,Сургут,Суши,27.0,4.0,3.0
598,16992,Сургут,Суши,1.0,0.0,0.0
599,16982,Сургут,Суши,13.0,1.0,0.0
600,36511,Сургут,Пицца,21.0,1.0,1.0
601,28793,Сургут,Пицца,17.0,1.0,0.0
602,21592,Сургут,Суши,93.0,1.0,1.0
603,37421,Сургут,Шашлыки,20.0,0.0,4.0
604,16993,Сургут,Суши,6.0,0.0,1.0
605,17780,Сургут,Суши,27.0,1.0,0.0
606,22947,Сургут,Суши,31.0,2.0,2.0
607,37172,Сургут,Бургеры,8.0,0.0,1.0
608,37567,Тверь,Пицца,16.0,1.0,1.0
609,36434,Тверь,Пицца,184.0,2.0,2.0
610,13417,Тверь,Суши,88.0,0.0,1.0
611,18002,Тверь,Пицца,407.0,1.0,2.0
612,36862,Тверь,Суши,3.0,4.0,1.0
613,37490,Тверь,Суши,245.0,4.0,1.0
614,30407,Тверь,Бургеры,109.0,2.0,5.0
615,16336,Тверь,Пицца,265.0,3.0,3.0
616,18358,Тверь,Пицца,337.0,5.0,10.0
617,12538,Тверь,Суши,79.0,2.0,1.0
618,36967,Тверь,Десерты,0.0,2.0,1.0
619,21154,Тверь,Шашлыки,7.0,3.0,2.0
620,35441,Тверь,Пироги,166.0,2.0,0.0
621,14161,Тверь,Суши,445.0,17.0,23.0
622,28697,Тольятти,Суши,54.0,0.0,0.0
623,10201,Тольятти,Суши,27.0,0.0,0.0
624,33782,Тольятти,Фастфуд,17.0,0.0,0.0
625,10196,Тольятти,Суши,118.0,3.0,0.0
626,9726,Тольятти,Японская,461.0,0.0,4.0
627,9226,Тольятти,Суши,294.0,1.0,1.0
628,34436,Тольятти,Бургеры,22.0,0.0,2.0
629,29325,Тольятти,Рыба,58.0,3.0,1.0
630,26328,Тольятти,Индийская,75.0,0.0,2.0
631,30176,Тольятти,Рыба,15.0,0.0,0.0
632,9878,Тольятти,Супы,14.0,0.0,2.0
633,13882,Тольятти,Супы,480.0,14.0,3.0
634,29631,Тольятти,Суши,602.0,11.0,10.0
635,27217,Тольятти,Рыба,76.0,1.0,0.0
636,37375,Томск,Шашлыки,6.0,0.0,0.0
637,23941,Томск,Шаурма,33.0,0.0,0.0
638,27611,Томск,Пицца,91.0,2.0,1.0
639,27268,Томск,Супы,81.0,2.0,2.0
640,18990,Томск,Суши,169.0,3.0,3.0
641,35700,Томск,Суши,56.0,0.0,1.0
642,35974,Томск,Пицца,4.0,6.0,4.0
643,37908,Томск,Суши,1.0,0.0,0.0
644,25235,Томск,Пицца,66.0,2.0,3.0
645,24670,Томск,Суши,100.0,1.0,1.0
646,36341,Томск,Пироги,4.0,0.0,0.0
647,15957,Томск,Суши,1.0,0.0,0.0
648,36053,Томск,Пицца,47.0,0.0,0.0
649,16668,Томск,Супы,18.0,0.0,0.0
650,36758,Тула,Бургеры,74.0,1.0,2.0
651,11216,Тула,Суши,18.0,1.0,0.0
652,37427,Тула,Суши,125.0,0.0,2.0
653,36865,Тула,Пицца,36.0,1.0,1.0
654,21915,Тула,Узбекская,6.0,1.0,2.0
655,30197,Тула,Суши,51.0,0.0,1.0
656,25369,Тула,Пицца,205.0,38.0,18.0
657,29406,Тула,Русская,919.0,7.0,2.0
658,37506,Тула,Суши,26.0,0.0,5.0
659,26670,Тула,Пицца,33.0,1.0,0.0
660,8475,Тула,Суши,377.0,7.0,4.0
661,35259,Тула,Суши,469.0,5.0,2.0
662,20730,Тула,Бургеры,106.0,3.0,4.0
663,8440,Тула,Пицца,450.0,15.0,5.0
664,22851,Тюмень,Суши,93.0,10.0,22.0
665,36900,Тюмень,Бургеры,37.0,1.0,2.0
666,37678,Тюмень,Пицца,1.0,0.0,0.0
667,14396,Тюмень,Пицца,612.0,1.0,3.0
668,37766,Тюмень,Суши,13.0,0.0,1.0
669,37441,Тюмень,Грузинская,131.0,0.0,0.0
670,36829,Тюмень,Суши,13.0,4.0,2.0
671,26525,Тюмень,Пицца,17.0,3.0,4.0
672,14892,Тюмень,Суши,153.0,3.0,5.0
673,30336,Тюмень,Русская,25.0,1.0,2.0
674,8277,Тюмень,Пицца,62.0,5.0,2.0
675,8570,Тюмень,Суши,293.0,6.0,0.0
676,31239,Тюмень,Сэндвичи,241.0,4.0,2.0
677,37689,Тюмень,Пицца,30.0,1.0,1.0
678,32763,Ульяновск,Суши,34.0,1.0,0.0
679,37123,Ульяновск,Суши,79.0,1.0,3.0
680,32003,Ульяновск,Шашлыки,39.0,2.0,3.0
681,37077,Ульяновск,Пицца,1.0,1.0,0.0
682,31960,Ульяновск,Пицца,73.0,1.0,0.0
683,32004,Ульяновск,Рыба,54.0,1.0,0.0
684,37116,Ульяновск,Сэндвичи,94.0,1.0,0.0
685,37124,Ульяновск,Суши,79.0,0.0,0.0
686,35807,Ульяновск,Паназиатская,1.0,1.0,2.0
687,37215,Ульяновск,Бургеры,66.0,2.0,1.0
688,37213,Ульяновск,Бургеры,71.0,13.0,3.0
689,32609,Ульяновск,Суши,40.0,2.0,2.0
690,34086,Ульяновск,Пицца,19.0,1.0,2.0
691,32614,Ульяновск,Китайская,86.0,1.0,1.0
692,5804,Уфа,Пицца,265.0,5.0,2.0
693,20770,Уфа,Пицца,142.0,6.0,4.0
694,8552,Уфа,Пицца,1644.0,19.0,32.0
695,34646,Уфа,Мясо,2.0,0.0,1.0
696,37481,Уфа,Бургеры,105.0,2.0,0.0
697,12491,Уфа,Шашлыки,7.0,0.0,4.0
698,36193,Уфа,Пицца,173.0,0.0,5.0
699,23938,Уфа,Суши,6.0,0.0,0.0
700,9033,Уфа,Пицца,311.0,2.0,3.0
701,22028,Уфа,Пицца,208.0,2.0,1.0
702,29196,Уфа,Суши,66.0,0.0,2.0
703,35334,Уфа,Пицца,2.0,0.0,0.0
704,19311,Уфа,Суши,361.0,0.0,1.0
705,16350,Уфа,Пироги,22.0,2.0,1.0
706,36027,Хабаровск,Бургеры,91.0,0.0,0.0
707,37595,Хабаровск,Японская,5.0,2.0,0.0
708,30365,Хабаровск,Японская,134.0,3.0,0.0
709,37785,Хабаровск,Суши,1.0,0.0,0.0
710,9914,Хабаровск,Суши,178.0,3.0,1.0
711,37736,Хабаровск,Суши,16.0,8.0,5.0
712,12672,Хабаровск,Мясо,179.0,7.0,1.0
713,37410,Хабаровск,Китайская,6.0,0.0,0.0
714,37258,Хабаровск,Суши,39.0,2.0,0.0
715,23211,Хабаровск,Японская,60.0,0.0,0.0
716,20527,Хабаровск,Китайская,132.0,2.0,0.0
717,24072,Хабаровск,Суши,43.0,3.0,2.0
718,37110,Хабаровск,Суши,28.0,3.0,2.0
719,35626,Хабаровск,Суши,42.0,0.0,3.0
720,37174,Ханты-Мансийск,Бургеры,26.0,0.0,0.0
721,37924,Ханты-Мансийск,Суши,0.0,0.0,0.0
722,36471,Чебоксары,Пицца,7.0,0.0,0.0
723,36702,Чебоксары,Пицца,5.0,1.0,0.0
724,36439,Чебоксары,Мясо,137.0,1.0,0.0
725,36493,Чебоксары,Бургеры,66.0,0.0,0.0
726,36899,Чебоксары,Бургеры,34.0,1.0,2.0
727,36490,Чебоксары,Пицца,44.0,1.0,1.0
728,37135,Чебоксары,Пицца,30.0,3.0,0.0
729,36438,Чебоксары,Пицца,150.0,8.0,6.0
730,36701,Чебоксары,Суши,53.0,9.0,4.0
731,36442,Чебоксары,Суши,68.0,0.0,0.0
732,36896,Чебоксары,Бургеры,23.0,9.0,5.0
733,25778,Челябинск,Шашлыки,31.0,1.0,1.0
734,35927,Челябинск,Суши,21.0,3.0,0.0
735,7737,Челябинск,Пицца,138.0,3.0,7.0
736,10810,Челябинск,Суши,13.0,0.0,0.0
737,35934,Челябинск,Рыба,14.0,1.0,0.0
738,7120,Челябинск,Супы,37.0,0.0,1.0
739,25389,Челябинск,Суши,77.0,0.0,1.0
740,21573,Челябинск,Суши,9.0,1.0,1.0
741,35094,Челябинск,Суши,25.0,0.0,0.0
742,7119,Челябинск,Пицца,701.0,16.0,4.0
743,34042,Челябинск,Пицца,2.0,0.0,0.0
744,14928,Челябинск,Пицца,30.0,1.0,3.0
745,35391,Челябинск,Пицца,23.0,0.0,0.0
746,36485,Челябинск,Пицца,8.0,0.0,0.0
747,33579,Череповец,Суши,86.0,0.0,1.0
748,33661,Череповец,Суши,82.0,1.0,0.0
749,33936,Череповец,Суши,52.0,3.0,7.0
750,35338,Череповец,Пицца,5.0,0.0,1.0
751,37743,Череповец,Пицца,12.0,0.0,0.0
752,33583,Череповец,Суши,64.0,1.0,0.0
753,37753,Череповец,Суши,1.0,0.0,0.0
754,33853,Череповец,Суши,46.0,1.0,2.0
755,35172,Череповец,Итальянская,19.0,1.0,0.0
756,5533,Энгельс,Пицца,96.0,2.0,0.0
757,36735,Энгельс,Пицца,33.0,0.0,2.0
758,21610,Энгельс,Суши,489.0,8.0,2.0
759,16246,Энгельс,Суши,179.0,0.0,2.0
760,14400,Энгельс,Суши,14.0,0.0,1.0
761,29300,Энгельс,Суши,137.0,2.0,1.0
762,9920,Энгельс,Мясо,63.0,0.0,1.0
763,5264,Энгельс,Пицца,346.0,4.0,0.0
764,37677,Энгельс,Суши,36.0,4.0,1.0
765,36827,Энгельс,Десерты,2.0,0.0,0.0
766,22659,Энгельс,Суши,207.0,4.0,0.0
767,17416,Энгельс,Суши,296.0,4.0,1.0
768,36748,Энгельс,Пицца,42.0,1.0,1.0
769,36475,Энгельс,Бургеры,168.0,2.0,2.0
770,36353,Ярославль,Суши,48.0,1.0,1.0
771,36348,Ярославль,Суши,63.0,0.0,0.0
772,31076,Ярославль,Суши,312.0,3.0,4.0
773,25848,Ярославль,Японская,309.0,1.0,3.0
774,35868,Ярославль,Суши,35.0,1.0,0.0
775,30317,Ярославль,Суши,93.0,9.0,4.0
776,29756,Ярославль,Бургеры,168.0,0.0,1.0
777,36105,Ярославль,Суши,122.0,5.0,1.0
778,34523,Ярославль,Фастфуд,66.0,0.0,0.0
779,35869,Ярославль,Суши,105.0,3.0,1.0
780,24614,Ярославль,Суши,116.0,8.0,2.0
781,28675,Ярославль,Пицца,86.0,6.0,2.0
782,24949,Ярославль,Японская,459.0,8.0,0.0
783,28676,Ярославль,Пицца,109.0,10.0,2.0
